Description,Price,Rating,ReviewCount,Url
"BlenderBottle Classic Shaker Bottle Perfect for Protein Shakes and Pre Workout, 28-Ounce, Black",$14.22,4.7 out of 5 stars,"111,363",https://www.amazon.ca//BlenderBottle-Classic-Shaker-Bottle-28-Ounce/dp/B01LZQ8OYE/ref=sr_1_12?keywords=protein+shaker+bottle&qid=1693352028&sr=8-12
"BlenderBottle Pro Series Shaker Bottle, 28-Ounce, Black",$12.97,4.6 out of 5 stars,"42,916",https://www.amazon.ca//BlenderBottle-C03076-Pro28-Shaker-Bottle/dp/B07C82QZQR/ref=sr_1_6?keywords=protein+shaker+bottle&qid=1693352028&sr=8-6
"BlenderBottle Shaker Bottle Pro Series Perfect for Protein Shakes and Pre Workout, 28-Ounce, Cerulean Blue",$18.99,4.6 out of 5 stars,"42,916",https://www.amazon.ca//sspa/click?ie=UTF8&spc=MTo4MjI1MjI4OTc5OTQxNjA1OjE2OTMzNTIwMzE6c3BfbXRmOjIwMDEzMjU3NDU1OTY5ODo6MDo6&url=%2FBlenderBottle-Perfect-Protein-28-Ounce-Cerulean%2Fdp%2FB08TRPGKXB%2Fref%3Dsr_1_120_sspa%3Fkeywords%3Dprotein%2Bshaker%2Bbottle%26qid%3D1693352031%26sr%3D8-120-spons%26sp_csd%3Dd2lkZ2V0TmFtZT1zcF9tdGY%26psc%3D1
"BlenderBottle Classic V2 Shaker Bottle Perfect for Protein Shakes and Pre Workout, 28-Ounce, Pebble Grey",$14.99,4.6 out of 5 stars,"42,139",https://www.amazon.ca//sspa/click?ie=UTF8&spc=MTo4MjI1MjI4OTc5OTQxNjA1OjE2OTMzNTIwMzE6c3BfYXRmX25leHQ6MjAwMTMyNDczNDMzNjk4OjowOjo&url=%2FBlenderBottle-Classic-Shaker-Bottle-Pebble%2Fdp%2FB07TK5Y3LV%2Fref%3Dsr_1_97_sspa%3Fkeywords%3Dprotein%2Bshaker%2Bbottle%26qid%3D1693352031%26sr%3D8-97-spons%26sp_csd%3Dd2lkZ2V0TmFtZT1zcF9hdGZfbmV4dA%26psc%3D1
Helimix 2.0 Vortex Blender Shaker Bottle 28oz | No Blending Ball or Whisk | USA Made | Portable Pre Workout Whey Protein Drink Shaker Cup | Mixes Cocktails Smoothies Shakes | Dishwasher Safe,$26.95,4.5 out of 5 stars,"24,226",https://www.amazon.ca//sspa/click?ie=UTF8&spc=MTo3MTA1MDI0MTcwNTgzNjA1OjE2OTMzNTIwMjg6c3BfYXRmOjIwMDA2MTE3OTU5ODUxMTo6MDo6&url=%2FHelimix-Blending-Cocktails-Smoothies-Dishwasher%2Fdp%2FB078KCYLZF%2Fref%3Dsr_1_1_sspa%3Fkeywords%3Dprotein%2Bshaker%2Bbottle%26qid%3D1693352028%26sr%3D8-1-spons%26sp_csd%3Dd2lkZ2V0TmFtZT1zcF9hdGY%26psc%3D1
Helimix 2.0 Vortex Blender Shaker Bottle 28oz | No Blending Ball or Whisk | USA Made | Portable Pre Workout Whey Protein Drink Shaker Cup | Mixes Cocktails Smoothies Shakes | Dishwasher Safe,$26.95,4.5 out of 5 stars,"24,226",https://www.amazon.ca//Helimix-Blending-Cocktails-Smoothies-Dishwasher/dp/B078KCYLZF/ref=sr_1_7?keywords=protein+shaker+bottle&qid=1693352028&sr=8-7
"BlenderBottle Classic V2 Shaker Bottle, 28oz, Black",$12.49,4.6 out of 5 stars,"22,393",https://www.amazon.ca//sspa/click?ie=UTF8&spc=MTo3MTA1MDI0MTcwNTgzNjA1OjE2OTMzNTIwMjg6c3BfbXRmOjIwMDEzMjU1MTA4ODM5ODo6MDo6&url=%2FBlenderBottle-Classic-Shaker-Bottle-Black%2Fdp%2FB07TL6PNLD%2Fref%3Dsr_1_22_sspa%3Fkeywords%3Dprotein%2Bshaker%2Bbottle%26qid%3D1693352028%26sr%3D8-22-spons%26sp_csd%3Dd2lkZ2V0TmFtZT1zcF9tdGY%26psc%3D1
"VOLTRX Premium Electric Protein Shaker Bottle, Made with Tritan - BPA Free - 24 oz Vortex Portable Mixer Cup/USB Rechargeable Shaker Cups for Protein Shakes for Workout, Fitness, Exercise",$34.99,4.0 out of 5 stars,"21,022",https://www.amazon.ca//VOLTRX-Premium-Electric-Protein-Shaker/dp/B07QP13BJ9/ref=sr_1_9?keywords=protein+shaker+bottle&qid=1693352028&sr=8-9
"VOLTRX Premium Electric Protein Shaker Bottle, Made with Tritan - BPA Free - 24 oz Vortex Portable Mixer Cup/USB Rechargeable Shaker Cups for Protein Shakes for Workout, Fitness, Exercise",$34.99,4.0 out of 5 stars,"21,022",https://www.amazon.ca//sspa/click?ie=UTF8&spc=MTo3MTA1MDI0MTcwNTgzNjA1OjE2OTMzNTIwMjg6c3BfbXRmOjIwMDA2MzM4MjY4NzQ0MTo6MDo6&url=%2FVOLTRX-Premium-Electric-Protein-Shaker%2Fdp%2FB07QP13BJ9%2Fref%3Dsr_1_23_sspa%3Fkeywords%3Dprotein%2Bshaker%2Bbottle%26qid%3D1693352028%26sr%3D8-23-spons%26sp_csd%3Dd2lkZ2V0TmFtZT1zcF9tdGY%26psc%3D1
"Blender Bottle Classic Loop Top Shaker Bottle, 28-Ounce 2-Pack, All Pink and Coral",$23.43,4.8 out of 5 stars,"17,194",https://www.amazon.ca//Blender-Bottle-Classic-Shaker-28-Ounce/dp/B06XD7J33G/ref=sr_1_17?keywords=protein+shaker+bottle&qid=1693352028&sr=8-17
"BlenderBottle SportMixer Shaker Bottle Perfect for Protein Shakes and Pre Workout, 20-Ounce, Rose",$16.99,4.7 out of 5 stars,"15,457",https://www.amazon.ca//BlenderBottle-C03879-SportMixer-Bottle-20-Ounce/dp/B0843HH4SS/ref=sr_1_33?keywords=protein+shaker+bottle&qid=1693352028&sr=8-33
"Promixx - iX-R Electric Shaker Bottle, Powerful Mixer Bottle for Smooth Shakes & Supplements, Blender Bottle, Shake Bottle Mixer, Protein Shake Blender, Vortex Mixer, BPA Free 20oz Tumbler (Blue)",$88.71,4.4 out of 5 stars,"7,289",https://www.amazon.ca//Promixx-Electric-Powerful-Supplements-Blender/dp/B07HCM92SV/ref=sr_1_127?keywords=protein+shaker+bottle&qid=1693352031&sr=8-127
"Promixx Shaker Bottle - Premium Sports Water Bottle for Protein Mixes and Supplement Shakes - Easy Clean, Durable Cup (24oz, Ocean Calm Blue)",$22.26,4.6 out of 5 stars,"6,778",https://www.amazon.ca//PROMiXX-Shaker-Bottle-Premium-Supplement/dp/B09LHW4C1V/ref=sr_1_48?keywords=protein+shaker+bottle&qid=1693352028&sr=8-48
"BlenderBottle Classic Shaker Bottle Perfect for Protein Shakes and Pre Workout, 20-Ounce (3 Pack), Teal and Plum and Cyan",$28.39,4.8 out of 5 stars,"5,969",https://www.amazon.ca//BlenderBottle-Classic-Multipack-Bottle-20-Ounce/dp/B08JWSJB37/ref=sr_1_32?keywords=protein+shaker+bottle&qid=1693352028&sr=8-32
"Blender Bottle Shaker Bottle with Pill Organizer and Storage for Protein Powder, ProStak System, 22-Ounce, Plum",$14.99,4.5 out of 5 stars,"4,721",https://www.amazon.ca//BlenderBottle-Bottle-Organizer-Storage-22-Ounce/dp/B08VRRDNCH/ref=sr_1_10?keywords=protein+shaker+bottle&qid=1693352028&sr=8-10
"BlenderBottle Harry Potter Shaker Bottle Pro Series Perfect for Protein Shakes and Pre Workout, 28-Ounce, Bolt & Glasses",$22.42,4.8 out of 5 stars,"4,495",https://www.amazon.ca//BlenderBottle-Perfect-Protein-Workout-28-Ounce/dp/B07FK57VQK/ref=sr_1_129?keywords=protein+shaker+bottle&qid=1693352031&sr=8-129
"Hydra Cup - [4 Pack] 20-Ounce Shaker Bottle with Wire Whisk Balls, Max Value Protein Blenders, By Hydra Cup",$29.99,4.7 out of 5 stars,"4,362",https://www.amazon.ca//Hydra-Cup-20-Ounce-Protein-Blenders/dp/B08B2T3CLG/ref=sr_1_35?keywords=protein+shaker+bottle&qid=1693352028&sr=8-35
"6 Pack - 28-Ounce Shaker Bottles for Protein Mixes with Wire Whisk & Mixing Grid, BPA Free Shaker Cup Blender Set",$41.99,4.6 out of 5 stars,"3,979",https://www.amazon.ca//PACK-Bottles-28-Ounce-Blender-Protein/dp/B08DV9819H/ref=sr_1_15?keywords=protein+shaker+bottle&qid=1693352028&sr=8-15
"6 Pack - 28-Ounce Shaker Bottles for Protein Mixes with Wire Whisk & Mixing Grid, BPA Free Shaker Cup Blender Set",$41.99,4.6 out of 5 stars,"3,979",https://www.amazon.ca//sspa/click?ie=UTF8&spc=MTo3MTA1MDI0MTcwNTgzNjA1OjE2OTMzNTIwMjg6c3BfYnRmOjIwMDA0NTI4ODg4NzQ0MTo6MDo6&url=%2FPACK-Bottles-28-Ounce-Blender-Protein%2Fdp%2FB08DV9819H%2Fref%3Dsr_1_59_sspa%3Fkeywords%3Dprotein%2Bshaker%2Bbottle%26qid%3D1693352028%26sr%3D8-59-spons%26sp_csd%3Dd2lkZ2V0TmFtZT1zcF9idGY%26psc%3D1
"BlenderBottle Strada Shaker Cup Insulated Stainless Steel Water Bottle with Wire Whisk, 24-Ounce, Black",$17.97,4.7 out of 5 stars,"3,887",https://www.amazon.ca//BlenderBottle-Stainless-Push-Button-Insulated-Bottle/dp/B084PVQGH1/ref=sr_1_18?keywords=protein+shaker+bottle&qid=1693352028&sr=8-18
Blender Bottle 2 Pack,$31.16,4.7 out of 5 stars,"3,879",https://www.amazon.ca//Single-Sundesa-Blender-Bottle-Colors/dp/B00JEH2VDE/ref=sr_1_109?keywords=protein+shaker+bottle&qid=1693352031&sr=8-109
"HydraCup [4 Pack] - 20oz Shaker Bottle for Protein Mixes, Carry Loop, Dual Mixers, Wire Whisk & Mixing Grid, Shaker Cup BPA Free, Shakes Value Pack Ball",$29.99,4.6 out of 5 stars,"3,315",https://www.amazon.ca//Hydra-Cup-Pack-20-Ounce-Protein/dp/B08JB98ZG9/ref=sr_1_38?keywords=protein+shaker+bottle&qid=1693352028&sr=8-38
"BlenderBottle Classic V2 Shaker Bottle, 28oz, Ocean Blue",$12.49,4.6 out of 5 stars,"2,645",https://www.amazon.ca//BlenderBottle-Classic-Shaker-Bottle-Ocean/dp/B07TK5Y3LW/ref=sr_1_34?keywords=protein+shaker+bottle&qid=1693352028&sr=8-34
"BlenderBottle Classic V2 Shaker Bottle, 28oz, Ocean Blue",$12.49,4.6 out of 5 stars,"2,645",https://www.amazon.ca//sspa/click?ie=UTF8&spc=MTo4MjI1MjI4OTc5OTQxNjA1OjE2OTMzNTIwMzE6c3BfYXRmX25leHQ6MjAwMTMyNTM3MDQyMzk4OjowOjo&url=%2FBlenderBottle-Classic-Shaker-Bottle-Ocean%2Fdp%2FB07TK5Y3LW%2Fref%3Dsr_1_99_sspa%3Fkeywords%3Dprotein%2Bshaker%2Bbottle%26qid%3D1693352031%26sr%3D8-99-spons%26sp_csd%3Dd2lkZ2V0TmFtZT1zcF9hdGZfbmV4dA%26psc%3D1
"Artoid Mode 24oz Inspirational Fitness Workout Protein Sports Shaker Bottle, Dual Mixing Technology with Shaker Balls & Mixing Grids Included, Twist and Lock Protein Box Storage Included",$19.99,4.5 out of 5 stars,"2,380",https://www.amazon.ca//Artoid-Mode-Inspirational-24-Ounce-Technology/dp/B07G4D9ZNN/ref=sr_1_20?keywords=protein+shaker+bottle&qid=1693352028&sr=8-20
"Artoid Mode 24oz Inspirational Fitness Workout Protein Sports Shaker Bottle, Dual Mixing Technology with Shaker Balls & Mixing Grids Included, Twist and Lock Protein Box Storage Included",$19.99,4.5 out of 5 stars,"2,380",https://www.amazon.ca//sspa/click?ie=UTF8&spc=MTo3MTA1MDI0MTcwNTgzNjA1OjE2OTMzNTIwMjg6c3BfYnRmOjIwMDA4MDU2NzM5OTA2MTo6MDo6&url=%2FArtoid-Inspirational-24-Ounce-Technology-Included%2Fdp%2FB097XK35G4%2Fref%3Dsr_1_58_sspa%3Fkeywords%3Dprotein%2Bshaker%2Bbottle%26qid%3D1693352028%26sr%3D8-58-spons%26sp_csd%3Dd2lkZ2V0TmFtZT1zcF9idGY%26psc%3D1
"Hydra Cup [5 Pack] OG Shaker Bottles 28-Ounce, Max Value Pack Blender for Protein Mixes, Stand Out Women's Colors & Logos",$39.99,4.7 out of 5 stars,"2,354",https://www.amazon.ca//Hydra-Cup-Shaker-Bottles-Variety/dp/B081QPR2HY/ref=sr_1_55?keywords=protein+shaker+bottle&qid=1693352028&sr=8-55
"Hydra Cup | 6 Pack | Shaker Bottles for Protein Powder Shakes & Mixes, 28-Ounces (900ml), Six Colors, Wire Whisk & Mixing Grid, BPA Free Shaker Cup Blender Set",$31.99,4.7 out of 5 stars,"2,347",https://www.amazon.ca//Hydra-Cup-Bottles-28-Ounce-Blender/dp/B08ND73BQJ/ref=sr_1_11?keywords=protein+shaker+bottle&qid=1693352028&sr=8-11
"Hydra Cup [5 Pack] OG Shaker Bottles 28-Ounce, Max Value Blender Pack, Protein Shaker Cups, 5qty Stand Out Colors & Logos Version Two",$39.99,4.6 out of 5 stars,"2,337",https://www.amazon.ca//Hydra-Cup-Bottles-Protein-Version/dp/B07YCS6CMV/ref=sr_1_43?keywords=protein+shaker+bottle&qid=1693352028&sr=8-43
"BlenderBottle Classic V2 Shaker Bottle Perfect for Protein Shakes and Pre Workout, 20-Ounce, Teal",$12.99,4.5 out of 5 stars,"2,129",https://www.amazon.ca//BlenderBottle-Classic-Shaker-Bottle-20-Ounce/dp/B08779X1DL/ref=sr_1_19?keywords=protein+shaker+bottle&qid=1693352028&sr=8-19
"BlenderBottle Strada Shaker Cup Perfect for Protein Shakes and Pre Workout, 28-Ounce, White",$18.95,4.8 out of 5 stars,"1,904",https://www.amazon.ca//sspa/click?ie=UTF8&spc=MTo4MjI1MjI4OTc5OTQxNjA1OjE2OTMzNTIwMzE6c3BfYXRmX25leHQ6MjAwMTMyNTUyOTgxNTk4OjowOjo&url=%2FBlenderBottle-Strada-Bottle-Locking-28-Ounce%2Fdp%2FB084PVWTX9%2Fref%3Dsr_1_98_sspa%3Fkeywords%3Dprotein%2Bshaker%2Bbottle%26qid%3D1693352031%26sr%3D8-98-spons%26sp_csd%3Dd2lkZ2V0TmFtZT1zcF9hdGZfbmV4dA%26psc%3D1
"BlenderBottle Classic V2 Shaker Bottle Perfect for Protein Shakes and Pre Workout, 28-Ounce, Emerald Green",$12.49,4.7 out of 5 stars,"1,800",https://www.amazon.ca//BlenderBottle-Classic-Shaker-Bottle-Emerald/dp/B07TL6VBXJ/ref=sr_1_5?keywords=protein+shaker+bottle&qid=1693352028&sr=8-5
"VOLTRX Shaker Bottle, Gallium USB C Rechargeable Electric Protein Shake Mixer, Shaker Cups for Protein Shakes and Meal Replacement Shakes, BPA Free, Made with Tritan",$23.99,4.2 out of 5 stars,"1,626",https://www.amazon.ca//sspa/click?ie=UTF8&spc=MTo3MTA1MDI0MTcwNTgzNjA1OjE2OTMzNTIwMjg6c3BfYXRmOjIwMDEzMTExNDIyMjM5ODo6MDo6&url=%2FVOLTRX-Gallium-Rechargeable-Electric-Replacement%2Fdp%2FB0BNHH8YS1%2Fref%3Dsr_1_4_sspa%3Fkeywords%3Dprotein%2Bshaker%2Bbottle%26qid%3D1693352028%26sr%3D8-4-spons%26sp_csd%3Dd2lkZ2V0TmFtZT1zcF9hdGY%26psc%3D1
"VOLTRX Shaker Bottle, Gallium USB C Rechargeable Electric Protein Shake Mixer, Shaker Cups for Protein Shakes and Meal Replacement Shakes, BPA Free, Made with Tritan",$23.99,4.2 out of 5 stars,"1,626",https://www.amazon.ca//VOLTRX-Gallium-Rechargeable-Electric-Replacement/dp/B0BNHH8YS1/ref=sr_1_14?keywords=protein+shaker+bottle&qid=1693352028&sr=8-14
"VIGIND Protein Shaker Bottle,Sports Water Bottle,Leak Proof Shake Bottle For Protein Mixer- Non Slip 3 Layer Twist Off 3oz Cups with Pill Tray - Protein Powder 16 oz Shake Cup with Storage",$12.99,4.4 out of 5 stars,"1,526",https://www.amazon.ca//VIGIND-Protein-Shaker-Bottle-Sports/dp/B07D35CL2D/ref=sr_1_25?keywords=protein+shaker+bottle&qid=1693352028&sr=8-25
"Promixx Pursuit Shaker Bottle Insulated Stainless Steel Water Bottle and Blender Cup, 18oz, Midnight Blue",$31.24,4.4 out of 5 stars,"1,460",https://www.amazon.ca//Promixx-Pursuit-Insulated-Stainless-Midnight/dp/B09LHYZ3QZ/ref=sr_1_105?keywords=protein+shaker+bottle&qid=1693352031&sr=8-105
"Hydra Cup 3 PACK - Extra Large Shaker Bottle, 45-Ounce Shaker Cup with Dual Blenders for Mixing Protein, from",$32.99,4.5 out of 5 stars,"1,351",https://www.amazon.ca//PACK-Shaker-45-Ounce-Blending-Protein/dp/B08B2WN6LT/ref=sr_1_44?keywords=protein+shaker+bottle&qid=1693352028&sr=8-44
"Wodfee Shaker Bottle, 16 oz. Shaker Bottle, BPA Free & Lid Mixing Technology (16 oz, Clear)",$14.99,4.4 out of 5 stars,"1,307",https://www.amazon.ca//Energy-Shaker-Bottle-Quality-Technology/dp/B01N6URIMG/ref=sr_1_134?keywords=protein+shaker+bottle&qid=1693352031&sr=8-134
"BlenderBottle ProStak Twist n' Lock Storage Jars Expansion 2-Pak with Pill Tray, All Black",$11.12,4.8 out of 5 stars,"1,133",https://www.amazon.ca//BlenderBottle-ProStak-Twist-Storage-Expansion/dp/B01LZEGPZP/ref=sr_1_142?keywords=protein+shaker+bottle&qid=1693352031&sr=8-142
"BlenderBottle Pro Series Shaker Bottle, 24-Ounce, Black/Clear",$18.89,4.7 out of 5 stars,"1,025",https://www.amazon.ca//sspa/click?ie=UTF8&spc=MTo4MjI1MjI4OTc5OTQxNjA1OjE2OTMzNTIwMzE6c3BfbXRmOjIwMDEzMjQ3NjQ1MTQ5ODo6MDo6&url=%2FBlenderBottle-Shaker-Bottle-24-Ounce-Black%2Fdp%2FB07TK5R633%2Fref%3Dsr_1_118_sspa%3Fkeywords%3Dprotein%2Bshaker%2Bbottle%26qid%3D1693352031%26sr%3D8-118-spons%26sp_csd%3Dd2lkZ2V0TmFtZT1zcF9tdGY%26psc%3D1
"Gatorade BlenderBottle Shaker Bottle, BPA Free, Great for Pre Workout and Protein Shakes",$32.32,4.6 out of 5 stars,960,https://www.amazon.ca//9567-Gatorade-28-oz/dp/B01MU55A9O/ref=sr_1_52?keywords=protein+shaker+bottle&qid=1693352028&sr=8-52
"BlenderBottle Strada Shaker Cup Insulated Stainless Steel Water Bottle with Wire Whisk, 24-Ounce, Red",$28.60,4.8 out of 5 stars,956,https://www.amazon.ca//sspa/click?ie=UTF8&spc=MTo4MjI1MjI4OTc5OTQxNjA1OjE2OTMzNTIwMzE6c3BfYnRmOjIwMDEzMjUzNTExMjc5ODo6MDo6&url=%2FBlenderBottle-Insulated-Stainless-Bottle-24-Ounce%2Fdp%2FB084PVNYSN%2Fref%3Dsr_1_153_sspa%3Fkeywords%3Dprotein%2Bshaker%2Bbottle%26qid%3D1693352031%26sr%3D8-153-spons%26sp_csd%3Dd2lkZ2V0TmFtZT1zcF9idGY%26psc%3D1
"BioSteel Shaker Cup with Wire Whisk Blender Ball, Leak-Proof Design, BPA-Free Plastic, 24 Ounce",$10.06,4.7 out of 5 stars,802,https://www.amazon.ca//BioSteel-Blender-Leak-Proof-BPA-Free-Plastic/dp/B00U0LMRNC/ref=sr_1_8?keywords=protein+shaker+bottle&qid=1693352028&sr=8-8
"BioSteel Shaker Cup with Wire Whisk Blender Ball, Leak-Proof Design, BPA-Free Plastic, 24 Ounce",$10.06,4.7 out of 5 stars,802,https://www.amazon.ca//sspa/click?ie=UTF8&spc=MTo3MTA1MDI0MTcwNTgzNjA1OjE2OTMzNTIwMjg6c3BfbXRmOjIwMDA0NTM1MDQ1OTE5ODo6MDo6&url=%2FBioSteel-Blender-Leak-Proof-BPA-Free-Plastic%2Fdp%2FB00U0LMRNC%2Fref%3Dsr_1_21_sspa%3Fkeywords%3Dprotein%2Bshaker%2Bbottle%26qid%3D1693352028%26sr%3D8-21-spons%26sp_csd%3Dd2lkZ2V0TmFtZT1zcF9tdGY%26psc%3D1
GEMFUL Shaker Cups for Protein Shakes 28oz with Blending Ball BPA Free Leakproof Workout Whey Protein Drink Shaker (2 Pack),$19.99,4.3 out of 5 stars,719,https://www.amazon.ca//sspa/click?ie=UTF8&spc=MTo3MTA1MDI0MTcwNTgzNjA1OjE2OTMzNTIwMjg6c3BfYXRmOjMwMDAzODA0NjY1NzUwMjo6MDo6&url=%2FGEMFUL-Protein-Blending-Leakproof-Workout%2Fdp%2FB09BCMGMGB%2Fref%3Dsr_1_2_sspa%3Fkeywords%3Dprotein%2Bshaker%2Bbottle%26qid%3D1693352028%26sr%3D8-2-spons%26sp_csd%3Dd2lkZ2V0TmFtZT1zcF9hdGY%26psc%3D1
GEMFUL Shaker Cups for Protein Shakes 28oz with Blending Ball BPA Free Leakproof Workout Whey Protein Drink Shaker (2 Pack),$19.99,4.3 out of 5 stars,719,https://www.amazon.ca//GEMFUL-Protein-Blending-Leakproof-Workout/dp/B09BCMGMGB/ref=sr_1_29?keywords=protein+shaker+bottle&qid=1693352028&sr=8-29
"BlenderBottle Star Wars Classic V2 Shaker Bottle Perfect for Protein Shakes and Pre Workout, 28-Ounce, Do… Or Do Not. There is No Try.",$19.99,4.8 out of 5 stars,606,https://www.amazon.ca//sspa/click?ie=UTF8&spc=MTo4MjI1MjI4OTc5OTQxNjA1OjE2OTMzNTIwMzE6c3BfYnRmOjIwMDEzMjU2NTYwODc5ODo6MDo6&url=%2FBlenderBottle-Classic-Bottle-Perfect-28-Ounce%2Fdp%2FB08WTJY6J3%2Fref%3Dsr_1_154_sspa%3Fkeywords%3Dprotein%2Bshaker%2Bbottle%26qid%3D1693352031%26sr%3D8-154-spons%26sp_csd%3Dd2lkZ2V0TmFtZT1zcF9idGY%26psc%3D1
"Signoraware Shaker Bottles | 17-Ounce Plastic Protein Shake Bottle for Meal Replacement Shakes & Smoothies, Beverages, Mixing Salad Dressing & Sauces, Margarita, More | 2 Pack",$26.49,4.4 out of 5 stars,579,https://www.amazon.ca//Signoraware-Replacement-Smoothies-Beverages-Margarita/dp/B08L9QB588/ref=sr_1_145?keywords=protein+shaker+bottle&qid=1693352031&sr=8-145
"BlenderBottle Star Wars Shaker Bottle Pro Series Perfect for Protein Shakes and Pre Workout, 28-Ounce, This Is The Way",$24.18,4.8 out of 5 stars,557,https://www.amazon.ca//BlenderBottle-Star-28-Ounce-Shaker-Bottle/dp/B08BTQK47P/ref=sr_1_101?keywords=protein+shaker+bottle&qid=1693352031&sr=8-101
"Mr. Pen- Shaker Bottles for Protein Mixes, 28 oz, Shaker Bottle with Wire Whisk Ball, Protein Shaker Bottle, Shaker Cup, Protein Shaker, Protein Shake Bottle, Bottle Shaker, Shake Bottle",$13.85,4.5 out of 5 stars,500,https://www.amazon.ca//Mr-Pen-SHKR01M138-Shaker-Bottle/dp/B09PHDKT26/ref=sr_1_41?keywords=protein+shaker+bottle&qid=1693352028&sr=8-41
"PerfectShaker Performa ACTIV DC Comics & Justice League Series 28oz Protein Shaker Bottle, Best Leak Free Bottle with ActionRod Mixing Technology for Your Sports & Fitness Needs! (Batman)",$20.38,4.6 out of 5 stars,427,https://www.amazon.ca//PerfectShaker-Performa-Justice-ActionRod-Technology/dp/B08517FBCL/ref=sr_1_47?keywords=protein+shaker+bottle&qid=1693352028&sr=8-47
"JEELA SPORTS - 2 PACK Protein Shaker Bottles for Protein Mixes With Shake Ball - 24 Oz, Dishwasher Safe Blender Shaker Bottles, Shaker Cup for Protein Shakes for Pre & Post Workout- Gifts, Gym",$22.99,4.4 out of 5 stars,416,https://www.amazon.ca//JEELA-SPORTS-Protein-Dishwasher-Workout/dp/B09P59LS3G/ref=sr_1_16?keywords=protein+shaker+bottle&qid=1693352028&sr=8-16
"JEELA SPORTS - 2 PACK Protein Shaker Bottles for Protein Mixes With Shake Ball - 24 Oz, Dishwasher Safe Blender Shaker Bottles, Shaker Cup for Protein Shakes for Pre & Post Workout- Gifts, Gym",$22.99,4.4 out of 5 stars,416,https://www.amazon.ca//sspa/click?ie=UTF8&spc=MTo3MTA1MDI0MTcwNTgzNjA1OjE2OTMzNTIwMjg6c3BfYnRmOjIwMDE0NTEyMDI1MzA5ODo6MDo6&url=%2FJEELA-SPORTS-Protein-Dishwasher-Workout%2Fdp%2FB09P59LS3G%2Fref%3Dsr_1_60_sspa%3Fkeywords%3Dprotein%2Bshaker%2Bbottle%26qid%3D1693352028%26sr%3D8-60-spons%26sp_csd%3Dd2lkZ2V0TmFtZT1zcF9idGY%26psc%3D1
"HydraCup [5 Pack] - 20oz Shaker Bottle for Protein Mixes, Barbell Blender Wire Whisk & Mixing Grid, Shaker Cup BPA Free, Shakes Value Pack",$31.99,4.7 out of 5 stars,402,https://www.amazon.ca//HydraCup-Pack-Protein-Barbell-Blender/dp/B0BKH4V3BC/ref=sr_1_30?keywords=protein+shaker+bottle&qid=1693352028&sr=8-30
"Hydra Cup - [3 PACK Insulated Stainless Steel Shaker Bottle with Barbell Blender Wire Whisk, Double Walled Vacuum Protein Mixes Shaker Cup, Keep Hot & Cold (3)",$54.99,4.2 out of 5 stars,369,https://www.amazon.ca//Hydra-Cup-Insulated-Stainless-Blenders/dp/B09BFVFK7D/ref=sr_1_122?keywords=protein+shaker+bottle&qid=1693352031&sr=8-122
"HydraCup [8 Pack] - 28oz Shaker Bottle for Protein Mixes, Dual Mixers, Wire Whisk & Mixing Grid, Shaker Cup BPA Free, Shakes Value Pack Ball",$47.99,4.7 out of 5 stars,355,https://www.amazon.ca//HydraCup-Pack-Shaker-Protein-Blender/dp/B0BLJ2GVYL/ref=sr_1_31?keywords=protein+shaker+bottle&qid=1693352028&sr=8-31
"mountop Electric Protein Shaker Bottle, BPA Free & Leak-proof Mixer Bottles for Smooth Shakes and Pre Workout, Portable Shaker Cups for Man & Woman, 15oz, White",$28.45,3.6 out of 5 stars,326,https://www.amazon.ca//mountop-Electric-Protein-Leak-proof-Portable/dp/B09685MZ5V/ref=sr_1_136?keywords=protein+shaker+bottle&qid=1693352031&sr=8-136
"BlenderBottle Strada Shaker Cup Perfect for Protein Shakes and Pre Workout, 24-Ounce, White",$18.44,4.7 out of 5 stars,266,https://www.amazon.ca//Blender-Bottle-Perfect-24-Ounce-C04302/dp/B08XR7YDRV/ref=sr_1_137?keywords=protein+shaker+bottle&qid=1693352031&sr=8-137
Nutrition Outlet Classic Protein Shaker Bottle - Stainless Steel Ball Blender Technology - 600ml Water Bottle,$10.99,4.5 out of 5 stars,248,https://www.amazon.ca//Nutrition-Outlet-Protein-Shaker-Bottle/dp/B07P8G37BB/ref=sr_1_42?keywords=protein+shaker+bottle&qid=1693352028&sr=8-42
"BlenderBottle Justice League Strada Shaker Cup Insulated Stainless Steel Water Bottle with Wire Whisk, 24-Ounce, Batman",$36.55,4.8 out of 5 stars,228,https://www.amazon.ca//BlenderBottle-Justice-League-Bottle-24-Ounce/dp/B09CJY79LX/ref=sr_1_112?keywords=protein+shaker+bottle&qid=1693352031&sr=8-112
"BlenderBottle Strada Shaker Cup Insulated Stainless Steel Water Bottle with Wire Whisk, 24-Ounce, Grey",$28.06,4.6 out of 5 stars,204,https://www.amazon.ca//BlenderBottle-Insulated-Stainless-Bottle-24-Ounce/dp/B09BBFRMN2/ref=sr_1_138?keywords=protein+shaker+bottle&qid=1693352031&sr=8-138
GOMOYO [2 Pack] 20oz Shaker Bottle with Motivational Quotes (Raspberry & Lavender) | Protein Shaker Bottle with Mixer Agitators | Shaker Bottle for Protein Mixes Pack is BPA Free and Dishwasher Safe,$27.03,4.7 out of 5 stars,167,https://www.amazon.ca//GOMOYO-Motivational-Raspberry-Agitators-Dishwasher/dp/B0BP8F6HL8/ref=sr_1_46?keywords=protein+shaker+bottle&qid=1693352028&sr=8-46
"Everlast FIT 600ML Shaker Bottle (BLACK) - Leak Proof - 2 Compartment - Supplements & Protein Compartment, Shaker Bottle with Spiral Whisk Blender Ball, BPA/DEHP-Free, Easy to Clean. (1 Bottle)",$14.99,4.1 out of 5 stars,161,https://www.amazon.ca//Everlast-FIT-Shaker-Bottle-Compartment/dp/B083SSQ2PX/ref=sr_1_50?keywords=protein+shaker+bottle&qid=1693352028&sr=8-50
Shaker Bottles For protein Mixes 4 DS,$28.13,4.6 out of 5 stars,151,https://www.amazon.ca//Shaker-Bottles-protein-Mixes-DS/dp/B0BHDD5XBQ/ref=sr_1_152?keywords=protein+shaker+bottle&qid=1693352031&sr=8-152
"Everlast FIT 600ML Shaker Bottle - Leak Proof - Shaker Bottle with Spiral Whisk Blender Ball, BPA/DEHP-Free, Easy to Clean, Perfect for Mixing Protein shakes. (RED)",$10.36,4.2 out of 5 stars,146,https://www.amazon.ca//Everlast-Shaker-Bottle-600ml-Red/dp/B07WGG1S25/ref=sr_1_28?keywords=protein+shaker+bottle&qid=1693352028&sr=8-28
"Protein Shaker Bottles - 2 Pack of Matching Mixer Cups with Whisk Balls - Portable Leak-Proof Bottle with Carrying Loop - Best for Gym, Workouts, Sports - Dishwasher Safe (Swole Mates, 28oz)",$29.99,4.4 out of 5 stars,143,https://www.amazon.ca//Protein-Shaker-Bottles-Leak-Proof-Dishwasher/dp/B0BNKD842L/ref=sr_1_126?keywords=protein+shaker+bottle&qid=1693352031&sr=8-126
PROTEIN SHAKER BOTTLE | 5 PACK SHAKER CUP WITH FREE BONUS SPORT TOWEL | GYM RATS CLUB Leakproof shaker bottle for protein shakes | Gym bottle 5 pack of protein shake bottle,$39.87,4.5 out of 5 stars,142,https://www.amazon.ca//GYM-RATS-CLUB-interchangeable-supplements/dp/B0BL6BRXBF/ref=sr_1_39?keywords=protein+shaker+bottle&qid=1693352028&sr=8-39
"BlenderBottle Strada Shaker Cup Insulated Stainless Steel Water Bottle with Wire Whisk, 24-Ounce, Forest",$30.70,4.8 out of 5 stars,131,https://www.amazon.ca//BlenderBottle-Strada-Insulated-Stainless-24-Ounce/dp/B09ZXGY91X/ref=sr_1_115?keywords=protein+shaker+bottle&qid=1693352031&sr=8-115
"JEELA SPORTS [2 PACK Protein Shaker Bottles for Protein Mixes - 24 OZ - Dishwasher Safe Shaker Cups for Protein Shakes - Shaker Cup for Blender - Protein Shake Blender Protein Bottle - Gifts, Gym",$26.95,4.4 out of 5 stars,121,https://www.amazon.ca//JEELA-SPORTS-Protein-Shaker-Bottles/dp/B09VCCQLWL/ref=sr_1_116?keywords=protein+shaker+bottle&qid=1693352031&sr=8-116
"BlenderBottle Strada Twist Cap Shaker Cup Insulated Stainless Steel Water Bottle with Wire Whisk, 24-Ounce, Black",$33.62,4.7 out of 5 stars,115,https://www.amazon.ca//sspa/click?ie=UTF8&spc=MTo4MjI1MjI4OTc5OTQxNjA1OjE2OTMzNTIwMzE6c3BfbXRmOjIwMDEzMjUwMjM4NDc5ODo6MDo6&url=%2FBlenderBottle-Insulated-Stainless-Bottle-24-Ounce%2Fdp%2FB09WTGX3MJ%2Fref%3Dsr_1_117_sspa%3Fkeywords%3Dprotein%2Bshaker%2Bbottle%26qid%3D1693352031%26sr%3D8-117-spons%26sp_csd%3Dd2lkZ2V0TmFtZT1zcF9tdGY%26psc%3D1
"EYMPEU 2 Pack 700ml/24oz Solid Shaker Bottle for Work Out, BPA & Phthalate free, Leakproof. Screw lid Cup Bottles for Protein Mixes, Black",$21.99,4.6 out of 5 stars,111,https://www.amazon.ca//EYMPEU-Phthalate-Leakproof-Bottles-Protein/dp/B0B12FSF1F/ref=sr_1_56?keywords=protein+shaker+bottle&qid=1693352028&sr=8-56
"Protein Shaker 30-Ounce with Mix Ball, Eco Friendly Protein Shaker Bottle, BAP Free | Adjustable Handle | Leak-proof Lid | Dishwasher Safe, Ideal Shaker Cup for Protein Shakes and Pre Workout",$17.99,4.2 out of 5 stars,103,https://www.amazon.ca//Friendly-Capacity-Adjustable-Leak-proof-Dishwasher/dp/B0B63GHDBK/ref=sr_1_45?keywords=protein+shaker+bottle&qid=1693352028&sr=8-45
"Protein Shaker Bottle 24-Ounce with Mixball & Protein Cup 7-Ounce, Premium Stainless Steel Protein Shaker, Leak-Proof Metal Shaker, BPA Free Fitness Shaker Cup for Protein Shakes and Pre Workout",$28.99,4.2 out of 5 stars,103,https://www.amazon.ca//sspa/click?ie=UTF8&spc=MTo3MTA1MDI0MTcwNTgzNjA1OjE2OTMzNTIwMjg6c3BfYnRmOjIwMDE1Mjc1OTM3NzE5ODo6MDo6&url=%2FProtein-24-Ounce-Mixball-Stainless-Leak-Proof%2Fdp%2FB098X8NS33%2Fref%3Dsr_1_57_sspa%3Fkeywords%3Dprotein%2Bshaker%2Bbottle%26qid%3D1693352028%26sr%3D8-57-spons%26sp_csd%3Dd2lkZ2V0TmFtZT1zcF9idGY%26psc%3D1
"Protein Shaker Bottle 24-Ounce with Mixball & Protein Cup 7-Ounce, Premium Stainless Steel Protein Shaker, Leak-Proof Metal Shaker, BPA Free Fitness Shaker Cup for Protein Shakes and Pre Workout",$28.99,4.2 out of 5 stars,103,https://www.amazon.ca//sspa/click?ie=UTF8&spc=MTo4MjI1MjI4OTc5OTQxNjA1OjE2OTMzNTIwMzE6c3BfYnRmOjIwMDE1Mjc1OTM3NzI5ODo6MDo6&url=%2FProtein-Mixball-Storage-Stainless-Leak-Proof%2Fdp%2FB0B7WK4LS3%2Fref%3Dsr_1_155_sspa%3Fkeywords%3Dprotein%2Bshaker%2Bbottle%26qid%3D1693352031%26sr%3D8-155-spons%26sp_csd%3Dd2lkZ2V0TmFtZT1zcF9idGY%26psc%3D1
"Contigo Fit Shake & Go 2.0 Shaker Bottle with Leak-Proof Lid, 28oz Gym Water Bottle with Whisk and Carabiner Handle, Dishwasher Safe Mixer Bottle, 2-Pack Periwinkle & Sake",$24.83,4.3 out of 5 stars,99,https://www.amazon.ca//Contigo-Shaker-Bottle-2-Pack-Periwinkle/dp/B09RNC94QJ/ref=sr_1_106?keywords=protein+shaker+bottle&qid=1693352031&sr=8-106
VECH Shaker Bottles for Protein Mixes Workout Shaker Leak Proof Water Bottle Non Slip 3 Layer Twist Off 3 OZ with Pill Tray for Storage Protein Powder Shake Bottle 16 OZ Shake Cup (Black),$12.99,4.2 out of 5 stars,90,https://www.amazon.ca//VECH-Bottles-Protein-Workout-B30-0062-Black/dp/B0BGNSDBV5/ref=sr_1_40?keywords=protein+shaker+bottle&qid=1693352028&sr=8-40
GEMFUL 28 oz Protein Shaker Bottle for Powdered Drinks for Gym Sport Matte Black,$14.99,4.2 out of 5 stars,88,https://www.amazon.ca//GEMFUL-Protein-Shaker-Bottle-Powdered/dp/B09BZFPP37/ref=sr_1_54?keywords=protein+shaker+bottle&qid=1693352028&sr=8-54
"Contigo Fit Shake & Go 2.0 Shaker Bottle with Leak-Proof Lid, 20oz Gym Water Bottle with Whisk and Carabiner Handle, Dishwasher Safe Mixer Bottle, 3-Pack Blue Poppy & Earl Grey & Salt",$28.55,4.2 out of 5 stars,78,https://www.amazon.ca//Contigo-Plastic-Shaker-Bottle-3-pack/dp/B09RNBHTG4/ref=sr_1_144?keywords=protein+shaker+bottle&qid=1693352031&sr=8-144
"Contigo Fit Shake & Go 2.0 Shaker Bottle with Leak-Proof Lid, 28oz Gym Water Bottle with Whisk and Carabiner Handle, Dishwasher Safe Mixer Bottle, Salt/Sake",$19.06,4.6 out of 5 stars,75,https://www.amazon.ca//Contigo-Shake-Tritan-Shaker-Bottle/dp/B09RNCQFBL/ref=sr_1_114?keywords=protein+shaker+bottle&qid=1693352031&sr=8-114
"BlenderBottle Pixar Classic V2 Shaker Bottle Perfect for Protein Shakes and Pre Workout, 28-Ounce, Up",$22.22,4.9 out of 5 stars,71,https://www.amazon.ca//BlenderBottle-Classic-Perfect-Protein-28-Ounce/dp/B09ZX8XL5H/ref=sr_1_148?keywords=protein+shaker+bottle&qid=1693352031&sr=8-148
Performa™ ACTIV 48oz Shaker - The Biggest Protein Shaker Bottle on The Planet! Best Leak Free Bottle with ActionRod Mixing Technology for Your Sports & Fitness Needs! Shatter Proof and Dishwasher Safe!,$22.99,4.3 out of 5 stars,68,https://www.amazon.ca//PERFORMATM-ACTIV-48oz-Shaker-Technology/dp/B084WZC9NX/ref=sr_1_110?keywords=protein+shaker+bottle&qid=1693352031&sr=8-110
"BlenderBottle Disney Princess Shaker Bottle Pro Series, Perfect for Protein Shakes and Pre Workout, 28-Ounce, Jasmine",$23.72,4.7 out of 5 stars,68,https://www.amazon.ca//Blender-Bottle-Princess-28-Ounce-C04974/dp/B09HBCXJQ9/ref=sr_1_124?keywords=protein+shaker+bottle&qid=1693352031&sr=8-124
"YAYAYOUNG Shaker Bottle Protein Shakes Cup and 13.5-Ounce/400ML Shaker Bottle with Whisk Balls, Protein Shaker Bottle Set, Free of BPA plastic (2PCS) (Black+White)",$19.99,4.4 out of 5 stars,66,https://www.amazon.ca//YAYAYOUNG-Shaker-Protein-13-5-Ounce-plastic/dp/B0BVK3LX96/ref=sr_1_51?keywords=protein+shaker+bottle&qid=1693352028&sr=8-51
"21oz Protein Shaker Bottle with Powder Storage Container,Shaker Bottle for Protein Shakes,Blender Shaker Bottle,Shaker Cup,pre workout bottle,Made with Tritan BPA Free,with Wire Whisk Balls-Black",$28.99,4.5 out of 5 stars,65,https://www.amazon.ca//sspa/click?ie=UTF8&spc=MTo3MTA1MDI0MTcwNTgzNjA1OjE2OTMzNTIwMjg6c3BfbXRmOjMwMDAwMDcyOTEyNzEwMjo6MDo6&url=%2FProtein-Storage-Container-Blender-Balls-Black%2Fdp%2FB0C3T6GPGQ%2Fref%3Dsr_1_24_sspa%3Fkeywords%3Dprotein%2Bshaker%2Bbottle%26qid%3D1693352028%26sr%3D8-24-spons%26sp_csd%3Dd2lkZ2V0TmFtZT1zcF9tdGY%26psc%3D1
"21oz Protein Shaker Bottle with Powder Storage Container,Shaker Bottle for Protein Shakes,Blender Shaker Bottle,Shaker Cup,pre workout bottle,Made with Tritan BPA Free,with Wire Whisk Balls-Pink",$28.99,4.5 out of 5 stars,65,https://www.amazon.ca//Protein-Storage-Container-Blender-Balls-Pink/dp/B0C3TFH8Q4/ref=sr_1_37?keywords=protein+shaker+bottle&qid=1693352028&sr=8-37
"BlenderBottle Just for Fun Classic V2 Shaker Bottle Perfect for Protein Shakes and Pre Workout, 28-Ounce, That's How I Roll",$16.99,4.9 out of 5 stars,63,https://www.amazon.ca//BlenderBottle-Classic-Bottle-Perfect-28-Ounce/dp/B09JZTVRJN/ref=sr_1_125?keywords=protein+shaker+bottle&qid=1693352031&sr=8-125
"BlenderBottle Star Wars Classic V2 Shaker Bottle Perfect for Protein Shakes and Pre Workout, 28-Ounce, The Boss",$19.61,4.9 out of 5 stars,56,https://www.amazon.ca//BlenderBottle-Classic-Perfect-Protein-28-Ounce/dp/B09N6SBP72/ref=sr_1_104?keywords=protein+shaker+bottle&qid=1693352031&sr=8-104
"PerfectShaker Performa - ACTIV 28oz Protein Shaker Bottle, Best Leak Free Mixer Bottle with Actionrod Mixing Technology for Your Sports & Fitness Needs! Dishwasher and Shatter Proof (Metallic Silver, Single)",$18.99,4.2 out of 5 stars,53,https://www.amazon.ca//PerfectShaker-Performa-Actionrod-Technology-Dishwasher/dp/B09CLRSQNP/ref=sr_1_36?keywords=protein+shaker+bottle&qid=1693352028&sr=8-36
2 Pack Red Shaker Bottles For protein Mixes,$17.41,4.5 out of 5 stars,50,https://www.amazon.ca//Pack-Shaker-Bottles-protein-Mixes/dp/B0BLRVNDL9/ref=sr_1_141?keywords=protein+shaker+bottle&qid=1693352031&sr=8-141
diliqua -4 PACK- 28 oz & 20 oz Shaker Bottles for Protein Mixes | BPA-Free & Dishwasher Safe |small protein shaker bottle | Shaker Cups for protein shakes | Blender Shaker Bottle Pack,$36.19,4.5 out of 5 stars,45,https://www.amazon.ca//diliqua-Bottles-Protein-BPA-Free-Dishwasher/dp/B0BWDRXT65/ref=sr_1_53?keywords=protein+shaker+bottle&qid=1693352028&sr=8-53
diliqua -4 PACK- 28 oz & 20 oz Shaker Bottles for Protein Mixes | BPA-Free & Dishwasher Safe |small protein shaker bottle | Shaker Cups for protein shakes | Blender Shaker Bottle Pack,$36.19,4.5 out of 5 stars,45,https://www.amazon.ca//sspa/click?ie=UTF8&spc=MTo4MjI1MjI4OTc5OTQxNjA1OjE2OTMzNTIwMzE6c3BfYnRmOjMwMDAyOTc0MTU3OTkwMjo6MDo6&url=%2Fdiliqua-Bottles-Protein-BPA-Free-Dishwasher%2Fdp%2FB0BWDRXT65%2Fref%3Dsr_1_156_sspa%3Fkeywords%3Dprotein%2Bshaker%2Bbottle%26qid%3D1693352031%26sr%3D8-156-spons%26sp_csd%3Dd2lkZ2V0TmFtZT1zcF9idGY%26psc%3D1
"XSUPER Protein Shaker Bottle, 16oz Leak Proof Sports Shaker Water Bottle for Protein Mixes, Non Slip Shaker Cup with 2 Twist On Cups on Each Bottom for Powder & Capsule Organizer (Black)",$13.99,4.6 out of 5 stars,43,https://www.amazon.ca//XSUPER-Protein-Fitness-Portable-Organizer/dp/B09GK1BLBW/ref=sr_1_27?keywords=protein+shaker+bottle&qid=1693352028&sr=8-27
"LARQ Bottle Flip Top 25oz - Insulated Stainless Steel Water Bottle with Straw | Thermos, BPA Free | Reusable Water Bottle for Sports, Gym, and Travel | Keep Drinks Cold for 24 Hours, Granite White",$54.95,4.4 out of 5 stars,42,https://www.amazon.ca//LARQ-Bottle-Flip-Top-25oz/dp/B0C6J6D2J1/ref=sr_1_151?keywords=protein+shaker+bottle&qid=1693352031&sr=8-151
"ShakeSphere Protein Shaker Bottle, 24oz Capsule Shape Mixing Easy Clean Up No Blending Ball or Whisk Needed BPA Free Mix & Drink Shakes, Smoothies, More (Matte Black -Black Logo)",$29.99,4.3 out of 5 stars,41,https://www.amazon.ca//ShakeSphere-Protein-Capsule-Blending-Smoothies/dp/B0BBV8XWZD/ref=sr_1_26?keywords=protein+shaker+bottle&qid=1693352028&sr=8-26
"EYMPEU 2 Pack 24oz Shaker Bottle for Work Out, BPA & Phthalate Free, Leakproof, Dishwasher Safe. Solid Screw lid Cup Bottles for Protein Mixes, Clear",$23.99,4.4 out of 5 stars,36,https://www.amazon.ca//sspa/click?ie=UTF8&spc=MTo4MjI1MjI4OTc5OTQxNjA1OjE2OTMzNTIwMzE6c3BfbXRmOjIwMDExMjQxODU2NDE5ODo6MDo6&url=%2FProtein-24-Ounce-Leakproof-Blender-Bottles%2Fdp%2FB09LHH2BPP%2Fref%3Dsr_1_119_sspa%3Fkeywords%3Dprotein%2Bshaker%2Bbottle%26qid%3D1693352031%26sr%3D8-119-spons%26sp_csd%3Dd2lkZ2V0TmFtZT1zcF9tdGY%26psc%3D1
"BlenderBottle Pixar Classic V2 Shaker Bottle Perfect for Protein Shakes and Pre Workout, 28-Ounce, Monsters Inc.",$21.07,4.8 out of 5 stars,35,https://www.amazon.ca//BlenderBottle-Classic-Perfect-28-Ounce-Monsters/dp/B09ZX99TPB/ref=sr_1_150?keywords=protein+shaker+bottle&qid=1693352031&sr=8-150
"BlenderBottle Coco Classic V2 Shaker Bottle Perfect for Protein Shakes and Pre Workout, 28-Ounce, Recuerdame",$21.18,4.9 out of 5 stars,29,https://www.amazon.ca//BlenderBottle-Classic-Bottle-28-Ounce-Recuerdame/dp/B09JZXGR73/ref=sr_1_121?keywords=protein+shaker+bottle&qid=1693352031&sr=8-121
VECH Shaker Bottles for Protein Mixes Workout Shaker Leak Proof Water Bottle Non Slip 3 Layer Twist Off 3 OZ with Pill Tray for Storage Protein Powder Shake Bottle 16 OZ Shake Cup (Purple),$12.99,4.3 out of 5 stars,27,https://www.amazon.ca//VECH-Bottles-Protein-Workout-Storage/dp/B0BJ1BTL36/ref=sr_1_49?keywords=protein+shaker+bottle&qid=1693352028&sr=8-49
JEELA SPORTS 5 PACK Protein Shaker Bottles for Protein Mixes -20 OZ- Dishwasher Safe Shaker Cups for Protein Shakes - Shaker Cup for Blender Protein Shaker Bottle for Shakes Protein Shake Blender,$33.94,4.3 out of 5 stars,27,https://www.amazon.ca//JEELA-SPORTS-Protein-Bottles-Dishwasher/dp/B0BVR8P5ZN/ref=sr_1_108?keywords=protein+shaker+bottle&qid=1693352031&sr=8-108
"BlenderBottle Marvel Classic V2 Shaker Bottle Perfect for Protein Shakes and Pre Workout, 28-Ounce, Captain America",$20.14,4.9 out of 5 stars,26,https://www.amazon.ca//BlenderBottle-Classic-Perfect-Protein-28-Ounce/dp/B0BH55QRVC/ref=sr_1_131?keywords=protein+shaker+bottle&qid=1693352031&sr=8-131
"BlenderBottle Marvel Strada Shaker Cup Insulated Stainless Steel Water Bottle with Wire Whisk, 24-Ounce, Iron Man",$39.01,4.9 out of 5 stars,26,https://www.amazon.ca//sspa/click?ie=UTF8&spc=MTo4MjI1MjI4OTc5OTQxNjA1OjE2OTMzNTIwMzE6c3BfYXRmX25leHQ6MjAwMTMyNTUyOTgxNjk4OjowOjo&url=%2FBlenderBottle-Insulated-Stainless-Bottle-24-Ounce%2Fdp%2FB09JZW1J6C%2Fref%3Dsr_1_100_sspa%3Fkeywords%3Dprotein%2Bshaker%2Bbottle%26qid%3D1693352031%26sr%3D8-100-spons%26sp_csd%3Dd2lkZ2V0TmFtZT1zcF9hdGZfbmV4dA%26psc%3D1
2 Pack Green Shaker Bottles For protein Mixes,$18.75,4.4 out of 5 stars,23,https://www.amazon.ca//Green-Shaker-Bottles-protein-Mixes/dp/B0BLS43NY3/ref=sr_1_140?keywords=protein+shaker+bottle&qid=1693352031&sr=8-140
"BlenderBottle Mickey & Friends Shaker Bottle Pro Series, Perfect for Protein Shakes and Pre Workout, 28-Ounce, Mickey Mouse",$24.10,4.8 out of 5 stars,16,https://www.amazon.ca//BlenderBottle-Friends-Perfect-Protein-28-Ounce/dp/B0BH55QD4K/ref=sr_1_147?keywords=protein+shaker+bottle&qid=1693352031&sr=8-147
"BlenderBottle Pixar Classic V2 Shaker Bottle Perfect for Protein Shakes and Pre Workout, 28-Ounce, Inside Out",$21.56,5.0 out of 5 stars,13,https://www.amazon.ca//BlenderBottle-Classic-Perfect-Protein-28-Ounce/dp/B09ZXMYXL5/ref=sr_1_111?keywords=protein+shaker+bottle&qid=1693352031&sr=8-111
"BlenderBottle Disney Mickey & Minnie Shaker Bottle Pro Series, Perfect for Protein Shakes and Pre Workout, 28-Ounce, Attitude is Everything",$28.10,4.9 out of 5 stars,13,https://www.amazon.ca//BlenderBottle-Perfect-28-Ounce-Attitude-Everything/dp/B0BH577JVK/ref=sr_1_139?keywords=protein+shaker+bottle&qid=1693352031&sr=8-139
"BlenderBottle Marvel Classic V2 Shaker Bottle Perfect for Protein Shakes and Pre Workout, 28-Ounce, Hulk",$20.42,5.0 out of 5 stars,12,https://www.amazon.ca//BlenderBottle-Classic-Perfect-Protein-28-Ounce/dp/B0BH53ZG2S/ref=sr_1_102?keywords=protein+shaker+bottle&qid=1693352031&sr=8-102
"BlenderBottle Marvel Classic V2 Shaker Bottle Perfect for Protein Shakes and Pre Workout, 28-Ounce, Spiderman",$21.21,4.7 out of 5 stars,12,https://www.amazon.ca//BlenderBottle-Classic-Perfect-28-Ounce-Spiderman/dp/B0BH5KKF2V/ref=sr_1_133?keywords=protein+shaker+bottle&qid=1693352031&sr=8-133
"InciFuerza Shaker Bottles with Wire Whisk Balls, Bottle Shaker Cup for Protein Shakes Pre Workout, Beverages, Mixing Salad Dressing Sauces, Margarita, More, Black White, 700ml, 2 Pack",$19.99,4.7 out of 5 stars,10,https://www.amazon.ca//sspa/click?ie=UTF8&spc=MTo3MTA1MDI0MTcwNTgzNjA1OjE2OTMzNTIwMjg6c3BfYXRmOjIwMDEwMzI0MzEzMDQ5ODo6MDo6&url=%2FInciFuerza-Shaker-Bottle-Beverages-Margarita%2Fdp%2FB0BFR8RQF6%2Fref%3Dsr_1_3_sspa%3Fkeywords%3Dprotein%2Bshaker%2Bbottle%26qid%3D1693352028%26sr%3D8-3-spons%26sp_csd%3Dd2lkZ2V0TmFtZT1zcF9hdGY%26psc%3D1
"InciFuerza Shaker Bottles with Wire Whisk Balls, Bottle Shaker Cup for Protein Shakes Pre Workout, Beverages, Mixing Salad Dressing Sauces, Margarita, More, Black White, 700ml, 2 Pack",$19.99,4.7 out of 5 stars,10,https://www.amazon.ca//InciFuerza-Shaker-Bottle-Beverages-Margarita/dp/B0BFR8RQF6/ref=sr_1_13?keywords=protein+shaker+bottle&qid=1693352028&sr=8-13
"""Gym & Tonic"" Plastic Shaker Bottle | Portable Blender for Protein Shakes and Smoothies | BPA-Free Drink Mixer with Blending Ball | Exercise and Fitness Gifts | Holds 20 Ounces",$22.99,4.8 out of 5 stars,9,https://www.amazon.ca//Portable-Smoothies-BPA-Free-Blending-Exercise/dp/B08WKB1BX5/ref=sr_1_123?keywords=protein+shaker+bottle&qid=1693352031&sr=8-123
"WAASS Double Wall,Stainless Steel Vacuum Insulated Protein Shaker Bottle with Mixer Ball for Gym - Leakproof One-Click Lid - BPA-Free Metal Smoothie Cup for Hot & Cold Drinks (Silver)",$39.27,4.5 out of 5 stars,9,https://www.amazon.ca//WAASS-Double-Stainless-Insulated-Protein/dp/B0BT3M9QKR/ref=sr_1_132?keywords=protein+shaker+bottle&qid=1693352031&sr=8-132
Navaris Stainless Steel Protein Shaker - 25 oz (750ml) Nutrition Protein Drink Bottle with Mixer Blend Ball - 25 Fluid Ounce Protein Shaker - Red,$31.99,5.0 out of 5 stars,8,https://www.amazon.ca//Navaris-Stainless-Steel-Protein-Shaker/dp/B0BGS1VGVM/ref=sr_1_107?keywords=protein+shaker+bottle&qid=1693352031&sr=8-107
"Shaker Bottles for Protein Mixes, 28oz Electric Large Protein Blender Pre Workout Supplement USB-Rechargeable BPA Free Portable Gym Water Bottle Power Mixer Cup for Coffee Chocolate, Pink, 800ML",$50.99,3.3 out of 5 stars,6,https://www.amazon.ca//Automatic-Supplement-USB-Rechargeable-Portable-Chocolate/dp/B0B6W8QBRF/ref=sr_1_130?keywords=protein+shaker+bottle&qid=1693352031&sr=8-130
"FORZA 24fl Oz Protein Shaker Bottle - BPA And Phthalate Free Sports Drink Shaker Bottle with Non-Leak Cap (Black, Pack Of 1)",$7.99,3.7 out of 5 stars,5,https://www.amazon.ca//FORZA-24fl-Protein-Shaker-Bottle/dp/B07XQB6Q2M/ref=sr_1_103?keywords=protein+shaker+bottle&qid=1693352031&sr=8-103
"500ml Shaker Bottle,Shaker Bottle with Stirring Ball,Water Cup for Fitness, Classic Protein Mixer Shaker Bottle, Leakproof PP Effortlessly for Protein Shakes and Pre Workout Mixes Sky Blue",$8.46,5.0 out of 5 stars,3,https://www.amazon.ca//Stirring-Fitness-Classic-Leakproof-Effortlessly/dp/B09FDL3HSS/ref=sr_1_135?keywords=protein+shaker+bottle&qid=1693352031&sr=8-135
"Contigo Fit Shake & Go 2.0 Plastic Antimicrobial Shaker Bottle, Blue Raspberry & Clementine, 28 oz.",$27.94,3.9 out of 5 stars,3,https://www.amazon.ca//Contigo-Plastic-Antimicrobial-Raspberry-Clementine/dp/B09RND39M8/ref=sr_1_146?keywords=protein+shaker+bottle&qid=1693352031&sr=8-146
Sports Gym Protein Powder Mixing Cup Milk Bottle Blender Mixing Protein Shake Shaker Bottle,$5.99,4.0 out of 5 stars,2,https://www.amazon.ca//Sports-Protein-Powder-Mixing-Blender/dp/B096XMM3P9/ref=sr_1_113?keywords=protein+shaker+bottle&qid=1693352031&sr=8-113
"Iron Brothers Supplements Shaker Cup - Shaker Bottle For Protein Powder, Secure-Lock And Tight-Sealed Lid For""No Leak"" Protection, 20 oz, BPA-Free, Hydrate and Refill Efficiently, White & Black",$12.97,,,https://www.amazon.ca//Iron-Brothers-Supplements-Shaker-Cup/dp/B0BVNR77BS/ref=sr_1_128?keywords=protein+shaker+bottle&qid=1693352031&sr=8-128
"Protein Shaker Bottle, Shaker Bottles For Protein Mixes; Pre Workout With Protein Powder Container To Go, Protein Powder Travel Container & Gym Keychain Container Included.",$33.35,,,https://www.amazon.ca//Protein-Bottles-Container-Keychain-Included/dp/B0BYRJW69Q/ref=sr_1_149?keywords=protein+shaker+bottle&qid=1693352031&sr=8-149
